{"cameraMode":{"drawMode":0,"name":"Shaded","section":"Shading Mode"},"sceneLighting":true,"audioPlay":false,"sceneViewState":{"m_AlwaysRefresh":false,"showFog":true,"showSkybox":true,"showFlares":true,"showImageEffects":true,"showParticleSystems":true,"showVisualEffectGraphs":true,"m_FxEnabled":true},"in2DMode":false,"pivot":{"x":1.1799999475479127,"y":0.6190000176429749,"z":0.33000001311302187},"rotation":{"x":-0.15532167255878449,"y":0.5579885244369507,"z":-0.10729234665632248,"w":-0.8081970810890198},"size":4.281991481781006,"orthographic":true}