{"cameraMode":{"drawMode":0,"name":"Shaded","section":"Shading Mode"},"sceneLighting":true,"audioPlay":false,"sceneViewState":{"m_AlwaysRefresh":false,"showFog":true,"showSkybox":true,"showFlares":true,"showImageEffects":true,"showParticleSystems":true,"showVisualEffectGraphs":true,"m_FxEnabled":true},"in2DMode":false,"pivot":{"x":1.1599998474121094,"y":2.109999656677246,"z":2.059999704360962},"rotation":{"x":-0.0012054508551955224,"y":0.9340543746948242,"z":-0.35735079646110537,"w":-0.0033143856562674047},"size":0.9049965143203735,"orthographic":true}